iso3c,country,inflation_years,inflation_mean,inflation_sd,unemployment_level,oop_health_level,levels_year,data_ok
AFG,Afghanistan,20,5.253529919536555,7.6007329208456005,13.295,77.94615173,2024.0,True
AFE,Africa Eastern and Southern,25,7.175877495615184,2.1488560028833,7.7727048111679,16.2898850190604,2024.0,True
AFW,Africa Western and Central,25,3.3856552273750724,1.9255721639074836,3.21831342109344,60.8721302093416,2024.0,True
ALB,Albania,25,2.6223755300996943,1.7056526170440207,10.25,51.26052094,2024.0,True
DZA,Algeria,25,4.438028183594721,2.389474922435821,11.427,49.97584915,2024.0,True
AGO,Angola,25,43.00386504891774,68.64417188520481,14.464,28.70015144,2024.0,True
ARB,Arab World,25,3.3086021937722503,1.9971188475537818,9.45986362744839,25.8831165635637,2024.0,True
ARG,Argentina,7,86.29337479515458,67.62607011563337,7.876,26.40138435,2024.0,True
ARM,Armenia,25,3.563881914510976,3.000840160211942,13.329,79.0908432,2024.0,True
AUS,Australia,25,2.87442560505359,1.359428050730656,4.072,15.2829895,2024.0,True
AUT,Austria,25,2.4756574468199624,1.8568443407213244,5.439,16.13623428,2024.0,True
AZE,Azerbaijan,25,6.362685106150919,5.437387057802858,5.594,64.46770477,2024.0,True
BHS,"Bahamas, The",25,2.056473570935514,1.2920912327778136,8.463,24.24633217,2024.0,True
BHR,Bahrain,25,1.4715546640178103,1.6512223359489833,1.102,23.47058868,2024.0,True
BGD,Bangladesh,25,6.645533611204366,2.2884012783848475,4.68,72.52640533,2024.0,True
BRB,Barbados,22,3.7571619609148814,3.032681036191882,7.529,46.7436409,2024.0,True
BLR,Belarus,25,24.47353912726289,34.54672139659741,3.361,27.618536,2024.0,True
BEL,Belgium,25,2.372546703051412,1.8539764830231575,5.488,20.04573441,2024.0,True
BLZ,Belize,25,1.7325375099637836,2.8913359478663616,7.0,26.60677338,2024.0,True
BEN,Benin,25,2.198098110310739,2.173470704594134,1.722,42.49658966,2024.0,True
BTN,Bhutan,25,5.2939991080848925,2.3336618594342347,2.856,34.56685638,2024.0,True
BOL,Bolivia,25,4.190397595749686,3.033408960342125,3.091,21.87678146,2024.0,True
BIH,Bosnia and Herzegovina,19,2.332680808420158,3.818887780499563,10.723,30.88310814,2024.0,True
BWA,Botswana,25,6.576655476493222,3.02286184545002,23.138,4.39138889,2024.0,True
BRA,Brazil,25,6.275504319055091,2.5598925436068107,7.634,27.36837578,2024.0,True
BRN,Brunei Darussalam,25,0.5266437090415974,1.1895442763106407,5.144,7.65840197,2024.0,True
BGR,Bulgaria,25,4.645390825760382,4.12514688397173,4.104,35.07592392,2024.0,True
BFA,Burkina Faso,25,2.500858037554122,3.676956138115989,5.166,34.61856079,2024.0,True
BDI,Burundi,25,10.499283842620228,8.054011197279186,0.902,24.51572418,2024.0,True
CPV,Cabo Verde,25,1.8968990828140073,2.512612402718295,11.878,25.71064949,2024.0,True
KHM,Cambodia,25,3.7189559168749664,4.866218039636942,0.27,61.21101379,2024.0,True
CMR,Cameroon,25,2.688541167855176,1.8679686611332116,3.518,67.69355011,2024.0,True
CAN,Canada,25,2.2294418855530176,1.2441549912101553,6.45,15.30350018,2024.0,True
CSS,Caribbean small states,25,2.4038720730016987,1.8021277384163656,7.42393891631139,38.039608450064,2024.0,True
CAF,Central African Republic,25,3.825775606725827,3.2884503906574727,5.899,47.64571381,2024.0,True
CEB,Central Europe and the Baltics,25,3.790412163311338,3.2825857446671827,3.86713329021602,19.8387671390492,2024.0,True
TCD,Chad,25,3.4190861565340227,5.431013996023781,1.088,58.17550659,2024.0,True
CHL,Chile,25,3.7743748285269665,2.4353729461806912,9.056,35.03757477,2024.0,True
CHN,China,25,2.0179803965470238,1.713471434907264,4.571,33.58712006,2024.0,True
COL,Colombia,25,5.382469206659121,2.561118522357313,9.608,14.61574936,2024.0,True
COM,Comoros,24,3.4150053941317666,3.3728611651662175,3.875,43.93103027,2024.0,True
COD,"Congo, Dem. Rep.",17,60.674708429805,100.0,4.556,37.07655334,2024.0,True
COG,"Congo, Rep.",25,2.5533074022515283,1.909064913136086,19.694,25.39348602,2024.0,True
CRI,Costa Rica,25,6.055728178474794,4.632997811620771,7.848,22.43504333,2024.0,True
CIV,Cote d'Ivoire,25,2.569955827769037,1.6762557473187787,2.288,28.80875015,2024.0,True
HRV,Croatia,25,2.66704266096009,2.606989615849384,5.236,9.1891737,2024.0,True
CYP,Cyprus,25,1.9265722278703685,2.271128208864394,5.602,14.55644226,2024.0,True
CZE,Czechia,25,3.1976261980811493,3.3014810862333066,2.506,14.07175064,2024.0,True
DNK,Denmark,25,1.9176211064420505,1.5116582294085403,5.587,13.84249687,2024.0,True
DJI,Djibouti,24,2.796332602210379,2.4984465941621945,25.875,30.98972321,2024.0,True
DOM,Dominican Republic,25,7.776550511971486,10.46245155160839,5.473,27.57388115,2024.0,True
EAR,Early-demographic dividend,25,4.704171194412883,1.6267526619863575,5.29873898579239,33.9523824035095,2024.0,True
EAS,East Asia & Pacific,25,2.944638249553745,1.6774035545673396,3.78321987995003,25.4576233938874,2024.0,True
TEA,East Asia & Pacific (IDA & IBRD countries),25,3.68107633467666,1.8781226912987439,3.90185859989858,33.4540721666921,2024.0,True
EAP,East Asia & Pacific (excluding high income),25,3.7993575598228766,1.8545346889332794,3.88578969882738,33.4554313714399,2024.0,True
ECU,Ecuador,25,8.43407741988985,19.724498698082048,4.773,32.47224045,2024.0,True
EGY,"Egypt, Arab Rep.",25,11.476767008217509,8.26727332584238,7.198,53.82896805,2024.0,True
SLV,El Salvador,25,2.5084384518609575,2.1587808906817583,2.839,31.60897255,2024.0,True
GNQ,Equatorial Guinea,25,4.08112106196926,2.3561922362468573,7.823,70.37992096,2024.0,True
EST,Estonia,25,4.1103999078185245,4.17416525434662,7.828,23.14767838,2024.0,True
SWZ,Eswatini,20,6.822903055391244,2.817318966007902,34.4,10.36950207,2024.0,True
ETH,Ethiopia,25,14.826964723232276,12.111294744827672,3.398,44.59613419,2024.0,True
ECS,Europe & Central Asia,25,3.0222495327154384,2.2943039704919683,5.36753794530394,15.9211321082826,2024.0,True
TEC,Europe & Central Asia (IDA & IBRD countries),25,5.860311166952572,3.350447377424216,4.72766303570866,27.805120316388,2024.0,True
ECA,Europe & Central Asia (excluding high income),25,6.338486254490415,3.5806959284152997,6.9068039628902,35.1215665133645,2024.0,True
EUU,European Union,25,2.416736814220765,1.9189238980937264,5.91852671448482,14.2744520312091,2024.0,True
FJI,Fiji,25,2.986021563714514,2.1712830236702927,4.307,8.31420898,2024.0,True
FIN,Finland,25,1.895515804508473,1.8188042385328662,8.26,16.0982132,2024.0,True
FCS,Fragile and conflict affected situations,25,4.949895523150983,2.2673805498475024,5.02124845086415,52.5644478520044,2024.0,True
FRA,France,25,1.7073354352241543,1.235895464379371,7.37,8.9231348,2024.0,True
GAB,Gabon,25,2.139269735751962,1.7863573616694026,20.061,18.62278557,2024.0,True
GMB,"Gambia, The",25,7.250433143159293,4.1047519334738825,6.496,19.8919134,2024.0,True
GEO,Georgia,25,5.053802211915729,3.493833658654317,11.48,40.44641876,2024.0,True
DEU,Germany,25,1.8995292457384902,1.533891419477445,3.406,11.27757549,2024.0,True
GHA,Ghana,25,17.77294428878759,10.372741168161658,3.007,25.03213501,2024.0,True
GRC,Greece,25,2.1663789163477984,2.475188763754372,10.133,33.53891373,2024.0,True
GTM,Guatemala,25,5.362080262878922,2.271208138954541,2.219,58.38369751,2024.0,True
GIN,Guinea,20,13.970526971437891,8.079021201388326,5.23,55.45554352,2024.0,True
GNB,Guinea-Bissau,25,2.7883047439064756,3.3569156310478196,2.622,64.89645386,2024.0,True
GUY,Guyana,25,3.9382333106235716,2.8796871080663946,10.165,23.06054115,2024.0,True
HTI,Haiti,25,13.953243250216731,9.73259527231897,15.058,48.15792084,2024.0,True
HPC,Heavily indebted poor countries (HIPC),25,5.368241908461758,1.9821788922201016,4.21260389549363,38.9404774218266,2024.0,True
HND,Honduras,25,6.288415126207505,2.399534950109199,6.061,51.0538826,2024.0,True
HUN,Hungary,25,5.199361042037952,4.085489761689491,4.434,28.52379417,2024.0,True
IBD,IBRD only,25,4.526194628465166,1.7576767907399709,5.10811423830388,32.2772521099811,2024.0,True
IBT,IDA & IBRD total,25,4.73448631170213,1.8257047143353833,4.9757341917256,33.285579016615,2024.0,True
IDB,IDA blend,25,3.2535560580126046,1.6363578333075972,4.3746184268031,56.3790174771134,2024.0,True
IDX,IDA only,25,5.392986508751518,2.008454474347094,4.66770531869599,48.0735632858907,2024.0,True
IDA,IDA total,25,4.940257270624958,1.8900602722186677,4.55941592794588,51.6583710867313,2024.0,True
ISL,Iceland,25,4.954301770887659,2.9580138719361404,3.107,14.37681293,2024.0,True
IND,India,25,6.091113119340434,2.4894195885673014,4.202,45.9815712,2024.0,True
IDN,Indonesia,25,5.821434755010918,3.246374841689558,3.3,32.9629097,2024.0,True
IRN,"Iran, Islamic Rep.",25,21.92483580601108,12.105474037698466,9.192,39.07644653,2024.0,True
IRQ,Iraq,25,9.030623852291887,14.881073320692712,15.524,47.83436203,2024.0,True
IRL,Ireland,25,2.2137499530059905,2.6992120314417165,4.369,10.67340851,2024.0,True
ISR,Israel,25,1.730404995164203,1.7824550714115792,3.15,20.24864769,2024.0,True
ITA,Italy,25,2.0386588911487995,1.8172329225371813,6.778,23.07142067,2024.0,True
JAM,Jamaica,25,8.248340591905494,4.265671945105499,4.885,11.08962727,2024.0,True
JPN,Japan,25,0.41416257959935465,1.2315923946386698,2.563,10.97316837,2024.0,True
JOR,Jordan,25,2.9870065914171455,3.025965157860312,17.996,40.21434021,2024.0,True
KAZ,Kazakhstan,25,8.77877038369832,3.3968948374525536,4.794,30.87401772,2024.0,True
KEN,Kenya,25,8.448997418353624,4.780560945132138,5.434,24.20874977,2024.0,True
KOR,"Korea, Rep.",25,2.4963443489226576,1.266022382535738,2.604,30.25652504,2024.0,True
KWT,Kuwait,25,3.1437747313730227,2.0583307906381973,2.144,11.54475975,2024.0,True
KGZ,Kyrgyz Republic,24,7.645347633236568,5.982521850980339,3.289,38.35810471,2024.0,True
LAO,Lao PDR,25,8.766761664513062,8.346139404283646,1.218,28.68578529,2024.0,True
LTE,Late-demographic dividend,25,3.7137710344191235,1.933952876239287,4.64925082241822,30.1602796731745,2024.0,True
LCN,Latin America & Caribbean,25,3.7824353980421535,1.6145476155147453,6.23851971173158,29.9341915095296,2024.0,True
LAC,Latin America & Caribbean (excluding high income),25,4.579570304791928,1.8149644136918437,6.14112553187049,29.6938469929266,2024.0,True
TLA,Latin America & the Caribbean (IDA & IBRD countries),25,4.150916167154107,1.614779882200058,6.31153788497579,29.9457010114251,2024.0,True
LVA,Latvia,25,4.170572225063083,4.608187702974116,6.72,30.74036026,2024.0,True
LDC,Least developed countries: UN classification,25,5.5784807211087015,1.9204828768000992,4.89153403312394,49.0535927996594,2024.0,True
LBN,Lebanon,16,44.35556204288165,73.12748788575344,11.543,33.42271805,2023.0,True
LSO,Lesotho,25,5.129003148872269,8.285398799752759,16.147,12.6332159,2024.0,True
LBR,Liberia,23,11.176444234334133,5.370402797428632,2.882,62.22333145,2024.0,True
LBY,Libya,25,4.523621582155859,8.663287564109464,18.615,30.46777153,2024.0,True
LTU,Lithuania,25,3.362509935983402,4.420632498698283,7.504,31.83036995,2024.0,True
LMY,Low & middle income,25,4.821109643922436,1.7744247646085545,5.0410495238854,34.279849948962,2024.0,True
LUX,Luxembourg,25,2.2141474921282533,1.2854327111278243,5.935,8.70916843,2024.0,True
MDG,Madagascar,24,8.618681541838079,4.071393669051545,3.012,32.28622437,2024.0,True
MWI,Malawi,25,16.267087582580853,7.966655900183943,5.045,12.0969162,2024.0,True
MYS,Malaysia,25,2.090752627096679,1.3020699871393153,3.826,37.8710556,2024.0,True
MDV,Maldives,25,2.902511589308981,3.892630194861825,4.636,17.54257965,2024.0,True
MLI,Mali,25,2.2020457315210957,3.2390982608131154,3.06,43.21066666,2024.0,True
MLT,Malta,25,2.1697453476009634,1.3917841277384546,2.703,30.0230751,2024.0,True
MRT,Mauritania,25,4.8950913753863015,2.7255944803386316,10.373,40.80820465,2024.0,True
MUS,Mauritius,25,4.689089937877976,2.7057850164674164,5.476,44.01161957,2024.0,True
MEX,Mexico,25,4.759372929067655,1.5286771891233657,2.711,39.08966446,2024.0,True
MEA,"Middle East, North Africa, Afghanistan & Pakistan",25,3.2903287114408055,2.1529492445904066,8.01234636616063,27.6009885216386,2024.0,True
TMN,"Middle East, North Africa, Afghanistan & Pakistan (IDA & IBRD)",25,4.879316998002182,2.492317822420494,8.88964406729558,46.7228886804352,2024.0,True
MNA,"Middle East, North Africa, Afghanistan & Pakistan (excluding high income)",25,4.590485230179815,2.371375218392498,8.88964406729558,46.4652288452888,2024.0,True
MIC,Middle income,25,4.642519254446051,1.7274847855831417,5.03729410307044,34.1603317017211,2024.0,True
MDA,Moldova,25,9.442285706155868,7.22370779460056,1.434,31.71020699,2024.0,True
MNG,Mongolia,25,8.735777892341353,5.451751951376796,5.424,38.94818497,2024.0,True
MNE,Montenegro,19,3.315268467406406,3.480794828046073,14.1,36.73978424,2024.0,True
MAR,Morocco,25,1.8549819889188326,1.595539474374117,8.943,43.01153183,2024.0,True
MOZ,Mozambique,20,7.682132661090193,4.799287415991395,3.527,9.68696404,2024.0,True
MMR,Myanmar,20,13.665442896854563,14.847864989763917,3.032,65.13663483,2024.0,True
NAM,Namibia,22,5.339667370065687,1.8751687759647035,19.148,8.10120773,2024.0,True
NPL,Nepal,25,6.290197604914481,2.7361553441024014,10.706,55.78992081,2024.0,True
NLD,Netherlands,25,2.3426024708427913,1.8710372580513666,3.599,10.02272224,2024.0,True
NZL,New Zealand,25,2.562337553032149,1.5451356349839476,4.869,11.67517471,2024.0,True
NIC,Nicaragua,25,6.865819097943991,3.5198883068286513,4.574,35.65618896,2024.0,True
NER,Niger,25,2.464714931155958,3.225210016898327,0.355,40.34075165,2024.0,True
NGA,Nigeria,25,13.931602685135553,5.938612724556817,2.989,76.12967682,2024.0,True
NAC,North America,25,2.40291709151331,1.4094895267879521,4.37803269034256,11.3022046713657,2024.0,True
MKD,North Macedonia,25,2.9547751233284534,3.5288880989785425,13.417,40.21560669,2024.0,True
NOR,Norway,25,2.4453436536850517,1.3148503510422451,3.97,14.07542992,2024.0,True
OED,OECD members,25,2.4897136946026985,1.6826115447883068,4.90604918113983,13.0740277627432,2024.0,True
OMN,Oman,24,2.028070303122358,2.7263888115009913,3.161,7.47770643,2024.0,True
OSS,Other small states,25,3.2801088988934968,1.9907772343719894,8.42835126637849,21.3400403477816,2024.0,True
PSS,Pacific island small states,25,3.3926454208934897,2.425766144578115,3.1400708014776,6.39473137388343,2024.0,True
PAK,Pakistan,25,9.505873254386737,6.52026989654524,5.472,47.36522675,2024.0,True
PAN,Panama,25,2.1330557080607355,2.2761958581417177,6.518,37.1328392,2024.0,True
PNG,Papua New Guinea,25,5.815218723368146,3.9140823346866505,2.741,9.25386047,2024.0,True
PRY,Paraguay,25,5.96910791488859,3.1953943991946683,6.093,38.90990067,2024.0,True
PER,Peru,25,3.097652478739278,1.7386297674194884,4.828,26.99152184,2024.0,True
PHL,Philippines,25,3.923027218687642,1.7463143945307156,2.153,44.36002731,2024.0,True
POL,Poland,25,3.573704203370275,3.606593097519046,2.472,16.18947983,2024.0,True
PRT,Portugal,25,2.1373503209838223,1.8744740546575938,6.384,29.76397705,2024.0,True
PST,Post-demographic dividend,25,2.3293541692756867,1.5729407932258792,4.63490050303173,12.6497386671365,2024.0,True
PRE,Pre-demographic dividend,25,5.141178843825664,1.8893398607293581,4.5643996480652,50.6729867298866,2024.0,True
QAT,Qatar,25,3.1260041096455513,4.839006313022783,0.126,7.73313808,2024.0,True
ROU,Romania,25,9.167993186505798,10.79854316242362,5.379,21.42167473,2024.0,True
RUS,Russian Federation,25,9.85626497352695,5.099790752980314,2.527,27.70335197,2024.0,True
RWA,Rwanda,25,7.016263984715141,5.597613705721835,11.994,9.6218214,2024.0,True
WSM,Samoa,25,3.926119862871335,4.280768112515935,4.551,12.48642349,2024.0,True
STP,Sao Tome and Principe,25,12.772077834190277,6.388188951804318,9.17,11.97192383,2024.0,True
SAU,Saudi Arabia,25,2.293451464735293,2.535424055902445,3.896,11.01618004,2024.0,True
SEN,Senegal,25,2.1051527773764347,2.6516251233444423,2.992,48.82735062,2024.0,True
SRB,Serbia,25,13.592372469898454,21.755578561800785,7.39,36.53276062,2024.0,True
SLE,Sierra Leone,18,14.08309210296114,10.861075312887579,3.126,52.65649033,2024.0,True
SGP,Singapore,25,1.878044470382155,2.086322154953006,3.182,24.73981285,2024.0,True
SVK,Slovak Republic,25,4.054395656199191,3.6996372754549744,5.234,19.26242447,2024.0,True
SVN,Slovenia,25,3.2583605419830497,2.938937941566225,3.357,12.91975498,2024.0,True
SST,Small states,25,2.9346273627085133,1.8118704331353412,7.56700147625526,24.9009089578046,2024.0,True
SLB,Solomon Islands,25,5.623609039039795,4.07582432230384,1.47,3.71732569,2024.0,True
ZAF,South Africa,25,5.244913449440751,2.146395777995047,33.168,6.71138716,2024.0,True
SAS,South Asia,25,5.668826566606521,1.9819834059019208,4.34169478016955,47.9971098061807,2024.0,True
TSA,South Asia (IDA & IBRD),25,5.668826566606521,1.9819834059019208,4.34169478016955,47.9971098061807,2024.0,True
SSD,South Sudan,16,63.678717618156774,98.61580389031941,12.477,34.39799881,2023.0,True
ESP,Spain,25,2.37682132021222,1.9212020870681468,11.394,19.17667389,2024.0,True
LKA,Sri Lanka,25,9.518760723971223,9.805928056292343,4.996,40.2233963,2024.0,True
LCA,St. Lucia,25,2.0184050754311604,2.3624100447702547,10.928,38.72670364,2024.0,True
VCT,St. Vincent and the Grenadines,25,2.244917763016611,2.6089670572638597,18.056,27.62330246,2024.0,True
SSF,Sub-Saharan Africa,25,5.341540205229544,1.7504697075805982,5.82352963342453,32.0395106997042,2024.0,True
TSS,Sub-Saharan Africa (IDA & IBRD countries),25,5.341540205229544,1.7504697075805982,5.82352963342453,32.0395106997042,2024.0,True
SSA,Sub-Saharan Africa (excluding high income),25,5.324850093174653,1.7450386247535323,6.11345685595871,31.6253837612227,2024.0,True
SDN,Sudan,23,47.21569641261496,79.10331759687269,7.53,51.41895676,2022.0,True
SUR,Suriname,23,22.703706078362785,20.119217643349238,7.325,23.09218407,2024.0,True
SWE,Sweden,25,1.9359437642099655,2.223268571239058,8.528,12.67632294,2024.0,True
CHE,Switzerland,25,0.6272206756262269,0.9708748797841895,4.11,21.58273506,2024.0,True
SYR,Syrian Arab Republic,20,13.225182590723406,15.178224298282425,12.962,45.73065948,2024.0,True
TJK,Tajikistan,16,11.1874533417745,8.559033911751555,11.635,65.18047333,2024.0,True
TZA,Tanzania,25,6.3313167706316245,3.2364358564343885,2.576,28.69367599,2024.0,True
THA,Thailand,25,1.9605907420250757,2.256464040900316,0.693,9.21155357,2024.0,True
TLS,Timor-Leste,22,4.745969038627276,4.423094375807045,1.603,5.47778559,2024.0,True
TGO,Togo,25,2.678798785827757,2.4892470588435773,1.94,63.19364166,2024.0,True
TON,Tonga,25,5.416375821765993,3.8217323475628096,2.192,2.94085217,2024.0,True
TTO,Trinidad and Tobago,25,4.95827025501825,3.0696583900678136,4.546,49.23382568,2024.0,True
TUN,Tunisia,25,4.597998485036197,1.9596093312428606,16.203,33.86546326,2024.0,True
TUR,Turkiye,25,21.70541422652434,20.716147464178135,8.449,19.47843933,2024.0,True
UGA,Uganda,25,5.95662694791305,4.0424359278644735,2.941,34.09155273,2024.0,True
UKR,Ukraine,25,12.358625787387268,10.23026894946895,9.834,45.29367447,2021.0,True
ARE,United Arab Emirates,17,2.0676990173222114,3.186773966070435,2.133,12.28839397,2024.0,True
GBR,United Kingdom,25,2.4617002460643183,1.6919278854963316,4.111,13.82068539,2024.0,True
USA,United States,25,2.5763922974735998,1.6277641488837777,4.106,11.09916687,2024.0,True
URY,Uruguay,25,8.138595221354686,3.1108017785284234,8.401,16.32697678,2024.0,True
UZB,Uzbekistan,14,11.833568543834394,2.627756474064305,4.488,65.29790497,2024.0,True
VUT,Vanuatu,24,3.0461553876673135,2.2888521024088146,5.064,7.5762167,2024.0,True
VEN,"Venezuela, RB",8,72.74028896000765,80.7630892678297,5.475,24.88783646,2024.0,True
VNM,Viet Nam,25,5.698257753657874,5.45251218226665,1.431,39.5451889,2024.0,True
PSE,West Bank and Gaza,25,4.761904804987017,10.43942534065643,24.42,33.55230331,2022.0,True
WLD,World,25,3.630823543352784,1.7984627366459078,4.89145022830775,17.2337382443152,2024.0,True
YEM,"Yemen, Rep.",15,11.1139820413279,4.082936083521437,17.086,70.20210266,2024.0,True
ZMB,Zambia,25,13.399216966866764,5.967180019504429,5.961,9.69076443,2024.0,True
ZWE,Zimbabwe,13,79.61135123223463,100.0,8.554,8.15721226,2024.0,True
