iso3c,country,stress_probability,severe_stress_probability,avg_shortfall_when_stressed,var95_shortfall,cvar95_shortfall,risk_score
BGD,Bangladesh,0.9996666666666667,0.955,4140.345030390148,7259.088652038249,8218.00826908432,100.0
BRA,Brazil,0.9993333333333333,0.9096666666666666,3579.5943229079285,6670.295425843196,7268.839427763661,100.0
URY,Uruguay,0.9993333333333333,0.9353333333333333,3879.064806634447,6981.512395127279,7973.119733875077,100.0
ZAF,South Africa,0.999,0.909,3541.877020104714,6670.295425843196,7291.155932266469,100.0
YEM,"Yemen, Rep.",0.9996666666666667,0.9583333333333334,4184.088245634947,7269.577380777833,8420.003851070382,100.0
UZB,Uzbekistan,1.0,0.9996666666666667,6217.016993747729,8899.320537907195,8972.241768743088,100.0
KAZ,Kazakhstan,0.9993333333333333,0.9316666666666666,3870.6109292721394,6974.966410008508,7965.15136620756,100.0
NPL,Nepal,0.999,0.897,3449.7225795054824,6670.295425843196,7244.052284820001,100.0
NAM,Namibia,0.9996666666666667,0.9426666666666667,3929.3759134090496,7045.574030972019,7881.034283313051,100.0
MEX,Mexico,0.9996666666666667,0.9526666666666667,4095.4794091842714,7127.5233153249255,7997.317982678712,100.0
GTM,Guatemala,0.9996666666666667,0.8893333333333333,3406.9358001544156,6670.295425843196,7237.829658231753,100.0
HND,Honduras,0.9993333333333333,0.9303333333333333,3779.8839618257566,6867.136500943956,7776.927599445611,100.0
IND,India,0.9993333333333333,0.9063333333333333,3562.9612616278314,6670.295425843196,7259.181414384716,100.0
SWZ,Eswatini,0.9993333333333333,0.9213333333333333,3655.5715630324453,6670.295425843198,7602.010110835692,100.0
NGA,Nigeria,0.9996666666666667,0.928,3747.792128147502,6670.295425843198,7812.839513390424,100.0
ZMB,Zambia,0.999,0.9076666666666666,3569.233276765922,6670.295425843196,7185.954643035646,99.9138749521252
TUN,Tunisia,0.9983333333333333,0.885,3331.6711978075145,6551.165060232907,7203.667744946576,99.85041082598374
BWA,Botswana,0.9986666666666667,0.881,3332.9459632547764,6670.295425843196,7225.949627033136,99.7715400163477
LBR,Liberia,0.999,0.8863333333333333,3364.415857064349,6670.295425843196,7160.354484539505,99.73605541757397
MWI,Malawi,0.9983333333333333,0.8893333333333333,3351.602281883645,6670.295425843196,7113.86533235357,99.41314025262953
MDG,Madagascar,0.999,0.876,3312.1518868111784,6670.295425843196,7166.175326134668,99.24871395615943
BTN,Bhutan,0.9986666666666667,0.8726666666666667,3287.811042173835,6625.299571501641,7210.925582594977,99.17873863148172
STP,Sao Tome and Principe,0.998,0.8783333333333333,3277.2110411155754,6670.295425843196,7136.960740787866,98.78518698610486
IRN,"Iran, Islamic Rep.",0.9956666666666667,0.8673333333333333,3158.7374888278064,6670.295425843196,7088.724487743895,97.1395869151121
RUS,Russian Federation,0.9966666666666667,0.8556666666666667,3138.5527323498586,6670.295425843196,7102.862550656359,96.79343982462474
COL,Colombia,0.9976666666666667,0.8513333333333334,3133.8548142298746,6413.490604305785,7086.462051351873,96.53957501866967
JAM,Jamaica,0.9956666666666667,0.847,3093.003618829013,6638.514426650382,7105.386763531867,96.20693306967173
NIC,Nicaragua,0.997,0.8416666666666667,3071.8445446353644,6460.306650112617,7073.336003146864,95.67419665180536
GIN,Guinea,0.994,0.8436666666666667,3019.23269583635,6670.295425843196,7049.873493727385,95.08466205534981
TZA,Tanzania,0.997,0.834,3035.6700957368507,6351.965699409722,7025.088492617654,94.8416553613321
PHL,Philippines,0.9976666666666667,0.8483333333333334,3090.753055593183,6229.183322895204,6903.264785593562,94.81290895308558
GHA,Ghana,0.994,0.8406666666666667,2993.6929233270935,6670.295425843196,7034.6383333444355,94.6821255186418
KEN,Kenya,0.9943333333333333,0.8243333333333334,2936.593828544354,6283.675889408969,6976.889702242611,93.40033000010575
PRY,Paraguay,0.9953333333333333,0.824,2950.489029803892,6127.066296069106,6916.820559571584,93.10014595222921
GMB,"Gambia, The",0.994,0.8143333333333334,2896.682564721068,6117.103170480634,6907.567517517432,92.33522422642346
IDN,Indonesia,0.9943333333333333,0.8056666666666666,2852.570203371954,5959.161251840637,6801.091221147476,91.00447818268465
DZA,Algeria,0.9943333333333333,0.805,2850.118489684078,5879.960372315033,6690.4348844749675,90.19882376676946
MNG,Mongolia,0.9916666666666667,0.7906666666666666,2790.10496062798,5881.317342079967,6804.028864043255,90.12619915559819
MRT,Mauritania,0.994,0.8016666666666666,2824.6820816795494,5848.156026771961,6699.42084386429,89.95792965340324
HTI,Haiti,0.9903333333333333,0.7913333333333333,2736.7680822393536,5683.600678475702,6758.4489001945285,89.3464353639764
MOZ,Mozambique,0.9896666666666667,0.7773333333333333,2730.5048167742493,5699.755987465568,6722.312815831896,88.72322617012594
MUS,Mauritius,0.9923333333333333,0.776,2734.1360621162403,5665.434151948299,6563.628304104229,87.6234557387356
PAK,Pakistan,0.9886666666666667,0.774,2670.7672682932707,5513.839533432677,6627.525439087647,87.45397797361375
EGY,"Egypt, Arab Rep.",0.9873333333333333,0.77,2644.2595398903604,5455.970560999978,6602.381140238965,86.95135856606258
GNQ,Equatorial Guinea,0.993,0.7696666666666667,2711.4659604698036,5584.3824245938895,6486.44932600951,86.74113444527514
ISL,Iceland,0.9903333333333333,0.763,2669.002401462636,5522.906207744958,6512.245044263111,86.38908726825395
TTO,Trinidad and Tobago,0.9903333333333333,0.7596666666666667,2654.0408482573184,5495.617338851002,6472.7006403178275,85.9050163289683
AUS,Australia,0.994,0.7796666666666666,2722.857706388343,5519.14941923356,6316.164676781798,85.88621977345299
TJK,Tajikistan,0.9856666666666667,0.7603333333333333,2592.9830488530206,5285.911578272182,6474.120906684216,85.38249254510619
ARG,Argentina,0.985,0.7743333333333333,2614.1173323485136,5258.579521535998,6399.491447835042,85.36965295301009
UGA,Uganda,0.9873333333333333,0.7413333333333333,2560.9140870025312,5300.088765260523,6373.56293316151,83.9675598197157
SLE,Sierra Leone,0.9836666666666667,0.7543333333333333,2559.46270949725,5258.579521535998,6325.026224658943,83.91088514158234
PNG,Papua New Guinea,0.986,0.7353333333333333,2544.683116396992,5258.579521535998,6270.922748390195,82.97364187807275
GEO,Georgia,0.9866666666666667,0.735,2533.3657508900874,5258.579521535998,6233.408669103767,82.60407230350212
ETH,Ethiopia,0.981,0.735,2482.6226699588556,5209.242166680524,6292.249019260318,82.5578211395108
BDI,Burundi,0.982,0.7333333333333333,2492.55676540485,5258.579521535998,6280.5178297861175,82.52777906766036
MDA,Moldova,0.9823333333333333,0.7326666666666667,2488.361913219016,5258.579521535998,6272.689610169869,82.42074326961976
UKR,Ukraine,0.9813333333333333,0.7316666666666667,2476.8224040881237,5107.874037790305,6263.222012975568,82.22894371071371
PER,Peru,0.9903333333333333,0.7303333333333333,2538.439898811664,5283.476908464698,6135.1862557379445,81.86196031119974
CHL,Chile,0.988,0.7233333333333334,2492.226432276513,5257.6845326512,6142.518430998327,81.34051839032692
TON,Tonga,0.983,0.7113333333333334,2455.6742846416582,5219.429725073884,6195.512825004018,81.10999498177038
KGZ,Kyrgyz Republic,0.9823333333333333,0.7163333333333334,2441.579214086819,5180.149385301783,6188.48144629877,81.0476549017165
SLB,Solomon Islands,0.9813333333333333,0.705,2430.7701467233455,5146.522548662456,6155.98769861034,80.46918838897716
CRI,Costa Rica,0.9813333333333333,0.7103333333333334,2429.81815329639,5175.963980726321,6138.90949325252,80.46242745735242
RWA,Rwanda,0.9806666666666667,0.7126666666666667,2416.7941648422584,5055.156621313449,6122.428508612418,80.28385317232043
KOR,"Korea, Rep.",0.9916666666666667,0.727,2499.91706716963,5189.614057375315,5960.118814815353,80.22529352335364
BOL,Bolivia,0.981,0.6846666666666666,2365.041416572064,5000.420845161345,5978.500479847906,78.18801191559099
HUN,Hungary,0.9806666666666667,0.6846666666666666,2349.2250690457413,4928.357651075661,5979.384513241074,78.05234441224316
GUY,Guyana,0.9813333333333333,0.6846666666666666,2364.8903455701775,4959.590134171617,5955.025020092957,78.02359611791705
NOR,Norway,0.9883333333333333,0.7006666666666667,2402.24984106482,4999.001778732826,5820.534466807844,77.78558341093871
SUR,Suriname,0.979,0.7233333333333334,2407.1391058823783,4905.650545459198,5697.751253383568,77.48826535232881
KWT,Kuwait,0.983,0.6743333333333333,2334.757493942184,4956.6916962392315,5866.522184624113,76.90540831180132
AZE,Azerbaijan,0.9823333333333333,0.6896666666666667,2346.329118518215,4905.650545459198,5714.279414928266,76.29782623057928
TUR,Turkiye,0.976,0.705,2325.0781381381266,4905.650545459198,5657.225156824842,76.05714196331044
ALB,Albania,0.984,0.6753333333333333,2316.0335523613808,4905.650545459196,5726.133991386897,75.78496514275881
NZL,New Zealand,0.9856666666666667,0.6713333333333333,2309.0154925078177,4905.650545459198,5708.78320473525,75.51122243698696
BRB,Barbados,0.9793333333333333,0.662,2258.2586195766703,4905.650545459198,5733.556454002212,75.01751584353813
ARM,Armenia,0.9826666666666667,0.6616666666666666,2264.5727860730494,4905.650545459198,5703.7984982768,74.85990337366817
CAN,Canada,0.9863333333333333,0.676,2291.261907070095,4823.34817737607,5611.641510803179,74.78264621875034
USA,United States,0.9816666666666667,0.657,2265.7591764700605,4882.654427733797,5674.325609385818,74.56047051346833
CMR,Cameroon,0.983,0.657,2256.2238521795252,4885.075396971228,5679.626897418689,74.51180052535483
LAO,Lao PDR,0.9753333333333334,0.6663333333333333,2225.8031513560136,4905.650545459198,5643.231522799801,74.19694822862172
CIV,Cote d'Ivoire,0.9806666666666667,0.65,2238.3080471920375,4856.253272463044,5642.4205015026555,73.93470666787198
BGR,Bulgaria,0.9766666666666667,0.647,2200.2261784639686,4905.650545459198,5692.222016061016,73.87146562408604
VEN,"Venezuela, RB",0.9716666666666667,0.6726666666666666,2200.2580721649147,4905.650545459198,5589.783618675157,73.7396377297019
MMR,Myanmar,0.9763333333333334,0.6626666666666666,2197.0626929640525,4905.650545459198,5625.961601030763,73.73653105400098
FJI,Fiji,0.9766666666666667,0.642,2213.4519354283016,4905.650545459196,5654.448993855997,73.61479868462686
SYR,Syrian Arab Republic,0.9746666666666667,0.6563333333333333,2171.050980536003,4905.650545459198,5651.6238347260805,73.53858756818137
LKA,Sri Lanka,0.9743333333333334,0.6566666666666666,2194.1348684025656,4905.650545459198,5619.01397945539,73.5265716495538
LUX,Luxembourg,0.984,0.658,2238.429747163501,4759.947348783117,5539.302741580246,73.40013899780568
VUT,Vanuatu,0.976,0.6386666666666667,2193.6937971730435,4888.642937413923,5636.000779200093,73.23425678910051
CAF,Central African Republic,0.978,0.6416666666666667,2196.8496869753158,4905.650545459196,5601.646230887853,73.09164960388202
COG,"Congo, Rep.",0.9816666666666667,0.645,2179.8189346468857,4727.974419613797,5541.8403702350115,72.59879007686465
VNM,Viet Nam,0.974,0.6403333333333333,2167.8719276365296,4905.650545459196,5529.244560887505,72.29883303548006
ZWE,Zimbabwe,0.9656666666666667,0.6466666666666666,2104.228564190249,4905.650545459198,5581.879051379687,72.23678832439957
SVK,Slovak Republic,0.9736666666666667,0.6266666666666667,2130.041735987377,4905.650545459196,5584.775015096543,72.03684124616743
GBR,United Kingdom,0.9776666666666667,0.6293333333333333,2159.009138062625,4713.46730623458,5520.855198018005,71.91277154661155
TLS,Timor-Leste,0.9696666666666667,0.6226666666666667,2125.4170515092887,4905.650545459196,5540.666197243594,71.59869518459286
DJI,Djibouti,0.9813333333333333,0.6256666666666667,2116.3235427473405,4647.850388259871,5470.872365944638,71.10009851895681
MYS,Malaysia,0.982,0.6316666666666667,2146.275854983054,4604.31180753172,5400.226930091527,71.01339328013528
MLT,Malta,0.98,0.6266666666666667,2136.6615421526312,4629.054742184318,5419.342471864053,70.94709403339678
BHS,"Bahamas, The",0.9803333333333333,0.6336666666666667,2135.9002959764607,4565.949797446588,5377.043847277205,70.80448657564861
EST,Estonia,0.9673333333333334,0.609,2071.966844103355,4838.298406113874,5525.7742433596995,70.70749932132948
ROU,Romania,0.9646666666666667,0.62,2070.031445056317,4905.650545459196,5474.06918277371,70.57932734626992
AUT,Austria,0.9756666666666667,0.6113333333333333,2094.5541446367056,4628.2313911707815,5437.020924009196,70.34620683728787
SVN,Slovenia,0.97,0.5956666666666667,2058.5987523132153,4757.735051642156,5488.038664250024,70.02452875709982
COM,Comoros,0.9706666666666667,0.596,2038.1628206879743,4681.41014201192,5456.67628394302,69.63098283629267
LVA,Latvia,0.9656666666666667,0.592,2015.0143606710599,4756.0901349181995,5465.717494618321,69.39593600603176
SSD,South Sudan,0.962,0.6126666666666667,1991.5056383321714,4905.650545459196,5423.078591418295,69.35553887186735
MNE,Montenegro,0.9716666666666667,0.5943333333333334,2026.9211153472331,4617.096222158336,5414.6164236222885,69.20041639847622
JOR,Jordan,0.9746666666666667,0.597,2034.104594728505,4557.980275450255,5393.897056991383,69.18110563449602
BLR,Belarus,0.9593333333333334,0.6076666666666667,1985.7231910542284,4905.650545459196,5417.641456424132,69.1530521137492
ESP,Spain,0.9743333333333334,0.598,2046.2259561123367,4545.897759881679,5361.774001994145,69.08923200679496
AGO,Angola,0.9626666666666667,0.6036666666666667,1970.1931055260286,4905.650545459196,5427.432056253758,68.99151626332738
POL,Poland,0.9643333333333334,0.583,2004.5059568618708,4720.540884574976,5437.384240891123,68.90173928856686
BEL,Belgium,0.9743333333333334,0.594,2041.6437170942827,4545.729560006899,5349.281127829263,68.87107188199954
DOM,Dominican Republic,0.9613333333333334,0.587,1963.4480351330794,4864.026504882582,5444.005171086157,68.66990689589765
SDN,Sudan,0.957,0.5976666666666667,1943.8648750233735,4905.650545459196,5414.842603154772,68.53256246194621
LBN,Lebanon,0.9583333333333334,0.5966666666666667,1945.6709329924402,4905.650545459196,5411.732948208574,68.50458059764534
AFG,Afghanistan,0.9703333333333334,0.587,1973.1233599322995,4603.3600436753095,5400.951415489031,68.4576022476138
WSM,Samoa,0.9626666666666667,0.577,1982.6567402911876,4714.163163313666,5421.019091437988,68.45671783571339
TGO,Togo,0.972,0.5863333333333334,2009.7025922130524,4579.16228621741,5346.065575477802,68.38927966289252
SLV,El Salvador,0.971,0.5803333333333334,1999.5907249414063,4551.327653550372,5334.779780365949,68.08477564724706
COD,"Congo, Dem. Rep.",0.954,0.5903333333333334,1924.3135860246468,4905.650545459196,5386.726545775772,67.99642176057749
NLD,Netherlands,0.9716666666666667,0.5816666666666667,2000.7381559224345,4513.200294443712,5309.283556898195,67.94806590024709
SRB,Serbia,0.957,0.5806666666666667,1918.5812362705922,4721.119289548424,5409.478088127498,67.88483335366216
IRQ,Iraq,0.9623333333333334,0.5783333333333334,1928.7611604396661,4558.640015155197,5388.217720786916,67.77575534010276
GAB,Gabon,0.975,0.5853333333333334,2002.6575267534115,4439.701418809382,5234.178659718662,67.52636898216426
CZE,Czechia,0.9616666666666667,0.5656666666666667,1955.2540028271887,4533.622695075059,5339.176008526143,67.38669179727373
HRV,Croatia,0.963,0.5576666666666666,1938.4815030864827,4431.05712589221,5259.721812385345,66.50381905930328
MKD,North Macedonia,0.964,0.5566666666666666,1925.446311842343,4320.500177040795,5241.12383557563,66.23518942752253
KHM,Cambodia,0.961,0.5486666666666666,1891.843621416336,4419.815942041882,5250.787284248407,65.8204326927251
PRT,Portugal,0.9676666666666667,0.5546666666666666,1926.7300890543477,4307.652119075012,5138.349929531658,65.48767864268156
LSO,Lesotho,0.959,0.542,1852.189187364442,4322.440021186382,5247.49787453772,65.2915456454148
LTU,Lithuania,0.9583333333333334,0.5403333333333333,1869.979565736485,4299.696345542419,5200.044667876631,65.08381604414701
GNB,Guinea-Bissau,0.9626666666666667,0.54,1883.0123047305979,4338.834666729616,5175.251324820429,65.02092608571456
CHN,China,0.9686666666666667,0.5473333333333333,1907.8854847367863,4247.458206707976,5087.455459007615,64.79965441666474
DNK,Denmark,0.9683333333333334,0.5496666666666666,1905.9486441647055,4216.73882451218,5050.991980067354,64.58168750140936
ITA,Italy,0.9636666666666667,0.54,1893.247802515253,4238.458512923418,5077.672299316413,64.43490960050273
BEN,Benin,0.9583333333333334,0.535,1873.2218071254447,4246.822117318668,5079.214723405623,64.1531966448911
MAR,Morocco,0.968,0.5423333333333333,1888.0381156791716,4185.97492959077,5005.691355503738,63.94089315613639
DEU,Germany,0.967,0.5366666666666666,1871.208936356961,4169.8704107420335,5018.297062486908,63.74963846362496
VCT,St. Vincent and the Grenadines,0.9623333333333334,0.5283333333333333,1859.1265478187622,4184.918428285865,5057.7570902456555,63.72727391500563
FRA,France,0.97,0.5423333333333333,1875.6925384981264,4110.41905184286,4937.652260117995,63.35760198791658
PAN,Panama,0.9566666666666667,0.5216666666666666,1841.2905344320552,4156.98525672384,5005.8526649785845,63.056327492434505
LBY,Libya,0.953,0.523,1800.862392047901,4082.149601279997,5033.012887408417,62.912608075008805
MDV,Maldives,0.9493333333333334,0.5073333333333333,1803.5583254444725,4150.055843954171,5079.727709663867,62.90758628876938
GRC,Greece,0.9566666666666667,0.515,1830.2168619527292,4121.386837596977,5012.336258372772,62.851576722829996
TCD,Chad,0.9496666666666667,0.5143333333333333,1791.412995490397,4082.149601279998,5063.445275991181,62.84361941239216
SAU,Saudi Arabia,0.952,0.506,1813.1494558007744,4188.187794677431,5034.174699707836,62.647066775326635
PSE,West Bank and Gaza,0.9553333333333334,0.5223333333333333,1786.8131555714492,4016.6798501825792,4994.618947007157,62.50490821278976
FIN,Finland,0.956,0.515,1825.2895015831807,4090.7058985855347,4943.207061908087,62.32722477866077
NER,Niger,0.9456666666666667,0.496,1780.6338519108297,4084.4352043042304,4991.318512874919,61.832103543425745
LCA,St. Lucia,0.9553333333333334,0.504,1804.5652772892242,4071.420062977813,4931.405338092997,61.81111230365237
ECU,Ecuador,0.9346666666666666,0.502,1723.7034557283982,3841.76444390764,4966.698467445989,61.286109183566396
QAT,Qatar,0.9363333333333334,0.48333333333333334,1733.4693789989367,4036.0296114370612,4993.456879206551,61.13813326243766
IRL,Ireland,0.9466666666666667,0.4856666666666667,1761.3081392078025,4082.5974790395176,4939.192817738709,61.06348842800856
SEN,Senegal,0.95,0.492,1764.3586373650446,4058.3549792397976,4908.031815440487,61.017368991800595
BFA,Burkina Faso,0.947,0.48966666666666664,1750.5320545348848,4050.458646994214,4932.405736338855,61.010027928331276
SWE,Sweden,0.95,0.4856666666666667,1757.1805699372567,4002.4284036278996,4866.578222341149,60.52209764839331
BIH,Bosnia and Herzegovina,0.9443333333333334,0.48033333333333333,1723.5332045937591,3921.5243542477365,4868.976769606443,60.11667828588316
SGP,Singapore,0.9486666666666667,0.4816666666666667,1741.4076531272551,3999.719844945536,4836.776232944576,60.08337317928285
MLI,Mali,0.9433333333333334,0.4756666666666667,1718.7047971678012,3974.3758088531686,4856.986965004267,59.88475533223496
CYP,Cyprus,0.9473333333333334,0.475,1731.131145479988,3980.212067298399,4820.926587081527,59.730642314696745
THA,Thailand,0.9433333333333334,0.471,1718.8535807523383,3978.054142676531,4831.626237311974,59.604582583108254
CPV,Cabo Verde,0.951,0.4756666666666667,1724.0553498975855,3909.6941138748184,4799.475408149693,59.53325078669663
ISR,Israel,0.9496666666666667,0.4766666666666667,1725.6660405678472,3960.478323703968,4775.436583069855,59.40329270267646
OMN,Oman,0.939,0.45966666666666667,1687.479130860541,3940.054629606911,4806.824692209757,58.895158887609526
ARE,United Arab Emirates,0.9303333333333333,0.44633333333333336,1653.5414792560546,3852.6059686252474,4751.635256070552,57.90652833848806
BLZ,Belize,0.9366666666666666,0.43733333333333335,1615.5984040434425,3784.417990998364,4612.984499778402,56.400085723041094
BHR,Bahrain,0.9383333333333334,0.43366666666666664,1612.5340855753936,3740.7456086865086,4533.532428458426,55.73795940173907
CHE,Switzerland,0.8786666666666667,0.24733333333333332,1149.9701989550058,2851.2817373784696,3407.806532618516,39.56483559787137
BRN,Brunei Darussalam,0.864,0.238,1134.3635864669302,2833.794664528367,3430.276439486212,39.370284161700674
JPN,Japan,0.8446666666666667,0.21266666666666667,1076.0317221479784,2755.65695846745,3325.6522368948504,37.54866093150198
